product,station_name,eva,dwd_station_id,start,end,height_m,latitude,longitude,dwd_station_name,distance_km
temperature,Berlin Hauptbahnhof,08098160,00433,1951-01-01,2026-09-26,48,52.4676,13.402,Berlin-Tempelhof,6.8124437653103405
temperature,Berlin Südkreuz,08011113,00433,1951-01-01,2026-09-26,48,52.4676,13.402,Berlin-Tempelhof,2.6189599312974816
temperature,Leipzig Hbf,08010205,02928,1951-01-01,2026-09-26,138,51.3151,12.4462,Leipzig-Holzhausen,5.591186695306177
temperature,Erfurt Hbf,08010101,01270,1951-01-01,2026-09-26,317,50.9827,10.9613,Erfurt-Weimar,5.521344919562589
temperature,Fulda,08000115,01526,2004-11-01,2026-09-26,245,50.5668,9.6532,Fulda-Horas,2.555335806240486
temperature,Frankfurt (Main) Hbf,08000105,01424,2008-08-01,2026-09-26,121,50.1269,8.6694,Frankfurt/Main-Westend,2.2327929793077295
temperature,Mannheim Hbf,08000244,05906,1948-01-01,2026-09-26,98,49.5063,8.5584,Mannheim,7.123497698613211
temperature,Stuttgart Hbf,08000096,04928,1977-07-01,2026-09-26,314,48.8281,9.2,Stuttgart (Schnarrenberg),5.075791749947672
temperature,Ulm Hbf,08000170,15444,2014-09-01,2026-09-26,593,48.4418,9.9216,Ulm-Mähringen,6.496611711600532
temperature,Augsburg Hbf,08000013,00232,1955-01-01,2026-09-26,462,48.4253,10.9417,Augsburg,7.84072776147076
temperature,München-Pasing,08004158,03379,1997-07-01,2026-09-26,515,48.1632,11.5429,München-Stadt,6.191041650373847
temperature,München Hbf,08000261,03379,1997-07-01,2026-09-26,515,48.1632,11.5429,München-Stadt,2.7988710163787576
temperature,Bamberg,08000025,00282,1961-01-01,2026-09-26,240,49.8743,10.9206,Bamberg,3.308090847523666
temperature,Nürnberg Hbf,08000284,03668,1951-01-01,2026-09-26,314,49.503,11.0549,Nürnberg,6.695805411661616
temperature,Halle (Saale) Hbf,08010159,02878,2017-08-01,2026-09-26,117,51.3909,11.8786,"Lauchstädt, Bad",12.21884620319169
temperature,Berlin-Spandau,08010404,00403,2002-01-01,2026-09-26,51,52.4537,13.3017,Berlin-Dahlem (FU),11.461226556418314
temperature,Wolfsburg Hbf,08006552,13777,2008-06-01,2026-09-26,109,52.2467,10.9592,Helmstedt-Emmerstedt,23.426175782299495
temperature,Braunschweig Hbf,08000049,00662,1951-01-01,2026-09-26,81,52.2915,10.4464,Braunschweig,7.739245289764514
temperature,Hildesheim Hbf,08000169,00860,2023-10-01,2026-09-26,80,52.2731,10.0163,Algermissen-Groß Lobke,13.21816213628135
temperature,Göttingen,08000128,01691,1948-01-01,2026-09-26,167,51.5002,9.9507,Göttingen,4.413640419467299
temperature,Kassel-Wilhelmshöhe,08003200,15207,2013-11-01,2026-09-26,317,51.2835,9.359,Schauenburg-Elgershausen,6.941945941940881
temperature,Aschaffenburg Hbf,08000010,02480,2004-09-01,2026-09-26,108,50.0643,8.993,Kahl/Main,14.234350524599295
temperature,Ingolstadt Hbf,08000183,02410,1961-01-02,2026-09-26,364,48.7111,11.5363,Ingolstadt-Manching,8.15578608020827
temperature,Würzburg Hbf,08000260,05705,1948-01-01,2026-09-26,268,49.7704,9.9576,Würzburg,3.8264334997342346
temperature,Heidelberg Hbf,08000156,05906,1948-01-01,2026-09-26,98,49.5063,8.5584,Mannheim,14.214991416910735
temperature,Berlin Hauptbahnhof,08011160,00433,1951-01-01,2026-09-26,48,52.4676,13.402,Berlin-Tempelhof,6.8124437653103405
temperature,Frankfurt (Main) Süd,08002041,01424,2008-08-01,2026-09-26,121,50.1269,8.6694,Frankfurt/Main-Westend,3.2944919586655392
temperature,Hanau Hbf,08000150,02480,2004-09-01,2026-09-26,108,50.0643,8.993,Kahl/Main,7.780009814972864
temperature,Hannover Hbf,08000152,02014,1949-01-01,2026-09-26,55,52.4644,9.6779,Hannover,10.643674181902488
temperature,Magdeburg Hbf,08010224,03126,1955-01-01,2026-09-26,79,52.1029,11.5827,Magdeburg,4.291895138560748
temperature,Berlin-Wannsee,08010405,00403,2002-01-01,2026-09-26,51,52.4537,13.3017,Berlin-Dahlem (FU),9.04608088094518
temperature,Darmstadt Hbf,08000068,00917,2004-09-01,2026-09-26,162,49.8809,8.6779,Darmstadt,3.582321201500447
temperature,Plochingen,08000302,06275,2004-07-01,2026-09-26,327,48.6705,9.4627,Notzingen,6.076512581807751
temperature,Berlin Ostbahnhof,08010255,00433,1951-01-01,2026-09-26,48,52.4676,13.402,Berlin-Tempelhof,5.257290390139066
temperature,Fürth (Bay) Hbf,08000114,03668,1951-01-01,2026-09-26,314,49.503,11.0549,Nürnberg,5.974213748199525
temperature,Berlin Zoologischer Garten,08010406,00403,2002-01-01,2026-09-26,51,52.4537,13.3017,Berlin-Dahlem (FU),6.300800718415848
temperature,Berlin Gesundbrunnen,08011102,00433,1951-01-01,2026-09-26,48,52.4676,13.402,Berlin-Tempelhof,9.093094475794615
temperature,Potsdam Hbf,08012666,03987,1893-01-01,2026-09-26,81,52.3812,13.0622,Potsdam,1.1863486025187089
temperature,Bielefeld Hbf,08000036,07106,2006-09-01,2026-09-26,105,52.0714,8.4565,Bielefeld-Deppendorf,7.008715297724305
temperature,Hamm (Westf) Hbf,08000149,05480,2003-09-10,2026-09-26,85,51.5763,7.8879,Werl,12.594997290197831
temperature,Dortmund Hbf,08000080,13696,2007-12-01,2026-09-26,60,51.5966,7.4048,Waltrop-Abdinghof,9.527835788295908
temperature,Bochum Hbf,08000041,00555,2008-01-01,2026-09-26,110,51.5026,7.2289,Bochum,2.6959582624998033
temperature,Essen Hbf,08000098,01303,1951-01-01,2026-09-26,150,51.4041,6.9677,Essen-Bredeney,6.186279018117926
temperature,Duisburg Hbf,08000086,13670,2007-06-01,2026-09-26,24,51.5088,6.7018,Duisburg-Baerl,10.17555383751891
temperature,Düsseldorf Hbf,08000085,01078,1976-03-01,2026-09-26,37,51.296,6.7686,Düsseldorf,8.64239533394771
temperature,Köln Hbf,08000207,02667,1960-01-01,2026-09-26,91,50.8645,7.1575,Köln/Bonn,16.447681170517793
temperature,Bonn Hbf,08000044,00603,2001-04-03,2026-09-26,147,50.7293,7.204,Königswinter-Heiderhof,7.527410997122985
temperature,Koblenz Hbf,08000206,00161,2011-09-01,2026-09-26,75,50.4237,7.4202,Andernach,14.4079105105025
temperature,Mainz Hbf,08000240,03137,2008-05-01,2026-09-26,199,49.9658,8.2049,Mainz-Lerchenberg (ZDF),5.4981621920791675
temperature,Köln Messe/Deutz,08073368,02667,1960-01-01,2026-09-26,91,50.8645,7.1575,Köln/Bonn,15.35898436837017
temperature,Osnabrück Hbf,08000294,00342,2010-12-01,2026-09-26,103,52.317,8.1694,Belm,8.812751838308293
temperature,Bremen Hbf,08000050,00691,1949-01-01,2026-09-26,4,53.0451,8.7981,Bremen,4.395364954822722
temperature,Münster (Westf) Hbf,08000263,01766,1989-10-01,2026-09-26,48,52.1344,7.6969,Münster/Osnabrück,20.212138057947488
temperature,Köln Messe/Deutz,08003368,02667,1960-01-01,2026-09-26,91,50.8645,7.1575,Köln/Bonn,15.35898436837017
temperature,Solingen Hbf,08000087,05717,2006-09-01,2026-09-26,134,51.2256,7.1052,Wuppertal-Buchenhofen,10.075835191044286
precipitation,Berlin Hauptbahnhof,08098160,17483,2024-01-01,2026-09-27,36,52.535,13.375,Berlin-Mitte/Südpanke,1.1092952827772282
precipitation,Berlin Südkreuz,08011113,00433,1995-09-01,2026-09-27,48,52.4676,13.402,Berlin-Tempelhof,2.6189599312974816
precipitation,Leipzig Hbf,08010205,02928,1997-04-07,2026-09-27,138,51.3151,12.4462,Leipzig-Holzhausen,5.591186695306177
precipitation,Erfurt Hbf,08010101,01270,1995-09-01,2026-09-27,317,50.9827,10.9613,Erfurt-Weimar,5.521344919562589
precipitation,Fulda,08000115,01526,2004-11-01,2026-09-27,245,50.5668,9.6532,Fulda-Horas,2.555335806240486
precipitation,Frankfurt (Main) Hbf,08000105,01424,2008-08-01,2026-09-27,121,50.1269,8.6694,Frankfurt/Main-Westend,2.2327929793077295
precipitation,Mannheim Hbf,08000244,05906,1995-09-01,2026-09-27,98,49.5063,8.5584,Mannheim,7.123497698613211
precipitation,Stuttgart Hbf,08000096,04928,1998-06-01,2026-09-27,314,48.8281,9.2,Stuttgart (Schnarrenberg),5.075791749947672
precipitation,Ulm Hbf,08000170,15444,2014-09-01,2026-09-27,593,48.4418,9.9216,Ulm-Mähringen,6.496611711600532
precipitation,Augsburg Hbf,08000013,00232,1996-11-07,2026-09-27,462,48.4253,10.9417,Augsburg,7.84072776147076
precipitation,München-Pasing,08004158,03379,1997-07-07,2026-09-27,515,48.1632,11.5429,München-Stadt,6.191041650373847
precipitation,München Hbf,08000261,03379,1997-07-07,2026-09-27,515,48.1632,11.5429,München-Stadt,2.7988710163787576
precipitation,Bamberg,08000025,00282,1995-09-01,2026-09-27,240,49.8743,10.9206,Bamberg,3.308090847523666
precipitation,Nürnberg Hbf,08000284,03668,1995-09-01,2026-09-27,314,49.503,11.0549,Nürnberg,6.695805411661616
precipitation,Halle (Saale) Hbf,08010159,02878,2017-08-01,2026-09-27,117,51.3909,11.8786,"Lauchstädt, Bad",12.21884620319169
precipitation,Berlin-Spandau,08010404,17486,2024-01-01,2026-09-27,33,52.52,13.202,Berlin-Wilhelmstadt,1.6649708086765145
precipitation,Wolfsburg Hbf,08006552,15832,2019-01-07,2026-09-27,88,52.3334,10.803,Glentorf (Pegel),10.735417137921537
precipitation,Braunschweig Hbf,08000049,00662,1997-10-22,2026-09-27,81,52.2915,10.4464,Braunschweig,7.739245289764514
precipitation,Hildesheim Hbf,08000169,19126,2019-09-11,2026-09-27,88,52.1803,9.9535,Hildesheim Flugplatz,2.1876520180815517
precipitation,Göttingen,08000128,01691,1995-09-01,2026-09-27,167,51.5002,9.9507,Göttingen,4.413640419467299
precipitation,Kassel-Wilhelmshöhe,08003200,15207,2013-11-01,2026-09-27,317,51.2835,9.359,Schauenburg-Elgershausen,6.941945941940881
precipitation,Aschaffenburg Hbf,08000010,01851,2003-04-29,2026-09-27,110,49.9229,9.0904,Großostheim,7.4594757124778255
precipitation,Ingolstadt Hbf,08000183,02409,2009-01-01,2026-09-27,367,48.7663,11.4537,Ingolstadt (Flussmeisterstelle),2.7005272155095965
precipitation,Würzburg Hbf,08000260,05705,1995-09-01,2026-09-27,268,49.7704,9.9576,Würzburg,3.8264334997342346
precipitation,Heidelberg Hbf,08000156,15514,2017-11-01,2026-09-27,106,49.3767,8.6177,Heidelberg-Kurpfalzhof,5.137205711552283
precipitation,Berlin Hauptbahnhof,08011160,17483,2024-01-01,2026-09-27,36,52.535,13.375,Berlin-Mitte/Südpanke,1.1092952827772282
precipitation,Frankfurt (Main) Süd,08002041,01424,2008-08-01,2026-09-27,121,50.1269,8.6694,Frankfurt/Main-Westend,3.2944919586655392
precipitation,Hanau Hbf,08000150,03136,2002-11-01,2026-09-27,102,50.1294,8.8209,Mühlheim/Main,7.763320911763778
precipitation,Hannover Hbf,08000152,02012,2010-06-01,2026-09-27,57,52.3671,9.819,Hannover-Kirchrode,5.401757859908855
precipitation,Magdeburg Hbf,08010224,03126,1995-09-01,2026-09-27,79,52.1029,11.5827,Magdeburg,4.291895138560748
precipitation,Berlin-Wannsee,08010405,17447,2024-01-01,2026-09-27,35,52.421,13.165,Berlin-Colonie Alsen,0.9851562435684391
precipitation,Darmstadt Hbf,08000068,00917,2004-09-01,2026-09-27,162,49.8809,8.6779,Darmstadt,3.582321201500447
precipitation,Plochingen,08000302,00279,2006-11-01,2026-09-27,457,48.7574,9.4514,Baltmannsweiler-Hohengehren,5.757428469291687
precipitation,Berlin Ostbahnhof,08010255,17473,2024-01-01,2026-09-27,35,52.51,13.427,Berlin-Friedrichshain/Spree,0.5226210704987941
precipitation,Fürth (Bay) Hbf,08000114,03668,1995-09-01,2026-09-27,314,49.503,11.0549,Nürnberg,5.974213748199525
precipitation,Berlin Zoologischer Garten,08010406,17449,2024-01-01,2026-09-27,35,52.494,13.328,Berlin-Wilmersdorf,1.5008630288233358
precipitation,Berlin Gesundbrunnen,08011102,17475,2024-01-01,2026-09-27,41,52.553,13.384,Berlin-Gesundbrunnen,0.5427840312466978
precipitation,Potsdam Hbf,08012666,03987,1995-09-01,2026-09-27,81,52.3812,13.0622,Potsdam,1.1863486025187089
precipitation,Bielefeld Hbf,08000036,07106,2006-09-01,2026-09-27,105,52.0714,8.4565,Bielefeld-Deppendorf,7.008715297724305
precipitation,Hamm (Westf) Hbf,08000149,01046,2004-10-01,2026-09-27,72,51.7585,7.7528,Drensteinfurt,9.712637738247734
precipitation,Dortmund Hbf,08000080,13696,2007-12-01,2026-09-27,60,51.5966,7.4048,Waltrop-Abdinghof,9.527835788295908
precipitation,Bochum Hbf,08000041,00555,2008-01-01,2026-09-27,110,51.5026,7.2289,Bochum,2.6959582624998033
precipitation,Essen Hbf,08000098,01303,1995-09-01,2026-09-27,150,51.4041,6.9677,Essen-Bredeney,6.186279018117926
precipitation,Duisburg Hbf,08000086,13670,2007-06-01,2026-09-27,24,51.5088,6.7018,Duisburg-Baerl,10.17555383751891
precipitation,Düsseldorf Hbf,08000085,01078,1995-09-01,2026-09-27,37,51.296,6.7686,Düsseldorf,8.64239533394771
precipitation,Köln Hbf,08000207,02667,1995-09-01,2026-09-27,91,50.8645,7.1575,Köln/Bonn,16.447681170517793
precipitation,Bonn Hbf,08000044,00603,1999-03-03,2026-09-27,147,50.7293,7.204,Königswinter-Heiderhof,7.527410997122985
precipitation,Koblenz Hbf,08000206,14043,2021-11-01,2026-09-27,155,50.3837,7.5325,"Mülheim-Kärlich, Kr. Mayen-Koblenz",5.382150079733083
precipitation,Mainz Hbf,08000240,14007,2012-02-13,2026-09-27,164,49.9596,8.236,Mainz-Marienborn,4.893993813943457
precipitation,Köln Messe/Deutz,08073368,02667,1995-09-01,2026-09-27,91,50.8645,7.1575,Köln/Bonn,15.35898436837017
precipitation,Osnabrück Hbf,08000294,00342,2010-12-01,2026-09-27,103,52.317,8.1694,Belm,8.812751838308293
precipitation,Bremen Hbf,08000050,00691,1995-09-01,2026-09-27,4,53.0451,8.7981,Bremen,4.395364954822722
precipitation,Münster (Westf) Hbf,08000263,13669,2007-09-01,2026-09-27,55,52.0087,7.8519,Ostbevern-Schirlheide,15.899897982605795
precipitation,Köln Messe/Deutz,08003368,02667,1995-09-01,2026-09-27,91,50.8645,7.1575,Köln/Bonn,15.35898436837017
precipitation,Solingen Hbf,08000087,04741,2004-12-01,2026-09-27,152,51.14,7.093,Solingen-Hohenscheid,6.611091363493639
wind,Berlin Hauptbahnhof,08098160,00433,1974-01-01,2026-09-26,48,52.4676,13.402,Berlin-Tempelhof,6.8124437653103405
wind,Berlin Südkreuz,08011113,00433,1974-01-01,2026-09-26,48,52.4676,13.402,Berlin-Tempelhof,2.6189599312974816
wind,Leipzig Hbf,08010205,02928,1958-01-01,2026-09-26,138,51.3151,12.4462,Leipzig-Holzhausen,5.591186695306177
wind,Erfurt Hbf,08010101,01270,1973-01-01,2026-09-26,317,50.9827,10.9613,Erfurt-Weimar,5.521344919562589
wind,Fulda,08000115,05371,1959-01-01,2026-09-26,920,50.4973,9.9427,Wasserkuppe,19.371632421362936
wind,Frankfurt (Main) Hbf,08000105,07341,2005-08-01,2026-09-26,119,50.09,8.7862,Offenbach-Wetterpark,8.937058102780359
wind,Mannheim Hbf,08000244,05906,1969-01-01,2026-09-26,98,49.5063,8.5584,Mannheim,7.123497698613211
wind,Stuttgart Hbf,08000096,04928,1976-09-01,2026-09-26,314,48.8281,9.2,Stuttgart (Schnarrenberg),5.075791749947672
wind,Ulm Hbf,08000170,15444,2014-09-01,2026-09-26,593,48.4418,9.9216,Ulm-Mähringen,6.496611711600532
wind,Augsburg Hbf,08000013,00232,1961-01-01,2026-09-26,462,48.4253,10.9417,Augsburg,7.84072776147076
wind,München-Pasing,08004158,03379,1985-01-01,2026-09-26,515,48.1632,11.5429,München-Stadt,6.191041650373847
wind,München Hbf,08000261,03379,1985-01-01,2026-09-26,515,48.1632,11.5429,München-Stadt,2.7988710163787576
wind,Bamberg,08000025,00282,1971-08-01,2026-09-26,240,49.8743,10.9206,Bamberg,3.308090847523666
wind,Nürnberg Hbf,08000284,03668,1949-01-01,2026-09-26,314,49.503,11.0549,Nürnberg,6.695805411661616
wind,Halle (Saale) Hbf,08010159,02878,2017-08-01,2026-09-26,117,51.3909,11.8786,"Lauchstädt, Bad",12.21884620319169
wind,Berlin-Spandau,08010404,00433,1974-01-01,2026-09-26,48,52.4676,13.402,Berlin-Tempelhof,15.758454415341848
wind,Wolfsburg Hbf,08006552,04947,1988-08-17,2026-09-26,129,52.2317,10.92,Süpplingen,23.7583814777467
wind,Braunschweig Hbf,08000049,00662,1966-01-01,2026-09-26,81,52.2915,10.4464,Braunschweig,7.739245289764514
wind,Hildesheim Hbf,08000169,07367,2007-12-01,2026-09-26,144,51.9643,9.8072,Alfeld,24.012400945982098
wind,Göttingen,08000128,01691,1969-01-01,2026-09-26,167,51.5002,9.9507,Göttingen,4.413640419467299
wind,Kassel-Wilhelmshöhe,08003200,15207,2013-11-01,2026-09-26,317,51.2835,9.359,Schauenburg-Elgershausen,6.941945941940881
wind,Aschaffenburg Hbf,08000010,07412,2006-10-01,2026-09-26,340,50.0083,9.4238,Neuhütten/Spessart,20.258869101511685
wind,Ingolstadt Hbf,08000183,01587,2003-12-10,2026-09-26,536,48.9481,11.4289,Gelbelsee,22.643177494088476
wind,Würzburg Hbf,08000260,05705,1966-01-01,2026-09-26,268,49.7704,9.9576,Würzburg,3.8264334997342346
wind,Heidelberg Hbf,08000156,05906,1969-01-01,2026-09-26,98,49.5063,8.5584,Mannheim,14.214991416910735
wind,Berlin Hauptbahnhof,08011160,00433,1974-01-01,2026-09-26,48,52.4676,13.402,Berlin-Tempelhof,6.8124437653103405
wind,Frankfurt (Main) Süd,08002041,07341,2005-08-01,2026-09-26,119,50.09,8.7862,Offenbach-Wetterpark,7.190862863053769
wind,Hanau Hbf,08000150,07341,2005-08-01,2026-09-26,119,50.09,8.7862,Offenbach-Wetterpark,10.75006550152762
wind,Hannover Hbf,08000152,02014,1950-01-01,2026-09-26,55,52.4644,9.6779,Hannover,10.643674181902488
wind,Magdeburg Hbf,08010224,03126,1957-08-01,2026-09-26,79,52.1029,11.5827,Magdeburg,4.291895138560748
wind,Berlin-Wannsee,08010405,03987,1893-01-01,2026-09-26,81,52.3812,13.0622,Potsdam,9.1059552020983
wind,Darmstadt Hbf,08000068,01420,1967-01-01,2026-09-26,100,50.0259,8.5213,Frankfurt/Main,18.735691276409508
wind,Plochingen,08000302,10510,2009-01-01,2026-09-26,244,48.8059,9.5046,Winterbach/Remstal,12.401264997827196
wind,Berlin Ostbahnhof,08010255,00433,1974-01-01,2026-09-26,48,52.4676,13.402,Berlin-Tempelhof,5.257290390139066
wind,Fürth (Bay) Hbf,08000114,03668,1949-01-01,2026-09-26,314,49.503,11.0549,Nürnberg,5.974213748199525
wind,Berlin Zoologischer Garten,08010406,00433,1974-01-01,2026-09-26,48,52.4676,13.402,Berlin-Tempelhof,6.475727045603579
wind,Berlin Gesundbrunnen,08011102,00433,1974-01-01,2026-09-26,48,52.4676,13.402,Berlin-Tempelhof,9.093094475794615
wind,Potsdam Hbf,08012666,03987,1893-01-01,2026-09-26,81,52.3812,13.0622,Potsdam,1.1863486025187089
wind,Bielefeld Hbf,08000036,04371,1969-01-01,2026-09-26,135,52.1042,8.7521,"Salzuflen, Bad",17.15555056544205
wind,Hamm (Westf) Hbf,08000149,05480,1975-01-01,2026-09-26,85,51.5763,7.8879,Werl,12.594997290197831
wind,Dortmund Hbf,08000080,13901,1979-02-01,2026-09-26,41,51.7343,7.1998,Haltern (Wasserwerk),29.997982067488365
wind,Bochum Hbf,08000041,01303,1963-01-01,2026-09-26,150,51.4041,6.9677,Essen-Bredeney,19.55556124037774
wind,Essen Hbf,08000098,01303,1963-01-01,2026-09-26,150,51.4041,6.9677,Essen-Bredeney,6.186279018117926
wind,Duisburg Hbf,08000086,01303,1963-01-01,2026-09-26,150,51.4041,6.9677,Essen-Bredeney,13.603660919970666
wind,Düsseldorf Hbf,08000085,01078,1952-01-01,2026-09-26,37,51.296,6.7686,Düsseldorf,8.64239533394771
wind,Köln Hbf,08000207,02667,1957-07-01,2026-09-26,91,50.8645,7.1575,Köln/Bonn,16.447681170517793
wind,Bonn Hbf,08000044,00603,1986-08-01,2026-09-26,147,50.7293,7.204,Königswinter-Heiderhof,7.527410997122985
wind,Koblenz Hbf,08000206,00161,1980-12-01,2026-09-26,75,50.4237,7.4202,Andernach,14.4079105105025
wind,Mainz Hbf,08000240,15976,2020-04-02,2026-09-26,216,49.9529,8.2107,Ober-Olm/Bellem,6.366868377029187
wind,Köln Messe/Deutz,08073368,02667,1957-07-01,2026-09-26,91,50.8645,7.1575,Köln/Bonn,15.35898436837017
wind,Osnabrück Hbf,08000294,00342,2010-12-01,2026-09-26,103,52.317,8.1694,Belm,8.812751838308293
wind,Bremen Hbf,08000050,00691,1926-01-01,2026-09-26,4,53.0451,8.7981,Bremen,4.395364954822722
wind,Münster (Westf) Hbf,08000263,01766,1982-01-01,2026-09-26,48,52.1344,7.6969,Münster/Osnabrück,20.212138057947488
wind,Köln Messe/Deutz,08003368,02667,1957-07-01,2026-09-26,91,50.8645,7.1575,Köln/Bonn,15.35898436837017
wind,Solingen Hbf,08000087,15200,2013-06-01,2026-09-26,327,51.2531,7.2157,Wuppertal,17.95920479929303
