departure_month,stops,journeys,complete_weather_stops,temperature_c_missing,precipitation_mm_missing,wind_speed_ms_missing
2024-07,8330,1123,8330,0,0,0
2024-08,7206,1029,7206,0,0,0
2024-09,6514,929,6514,0,0,0
2024-10,6771,934,6771,0,0,0
2024-11,6741,900,6741,0,0,0
2024-12,8371,1123,8371,0,0,0
2025-01,8938,1158,8938,0,0,0
2025-02,8031,1037,8031,0,0,0
2025-03,7693,968,7693,0,0,0
2025-04,7437,936,7437,0,0,0
2025-05,8755,1155,8755,0,0,0
2025-06,8202,1052,8202,0,0,0
2025-07,8320,1016,8320,0,0,0
2025-08,8270,1035,8270,0,0,0
2025-09,7361,941,7361,0,0,0
2025-10,6701,821,6701,0,0,0
2025-11,7362,889,7362,0,0,0
2025-12,8664,1042,8664,0,0,0
2026-01,10349,1264,10349,0,0,0
2026-02,9303,1142,9303,0,0,0
2026-03,9733,1185,9733,0,0,0
2026-04,7373,909,7373,0,0,0
2026-05,10131,1250,10131,0,0,0
2026-06,10308,1229,10308,0,0,0
2026-07,10098,1216,10098,0,0,0
2026-08,9557,1129,9557,0,0,0
